id,polarization
arb_9bdd541ed7a499eb8502a129b1627377,1
arb_669246978cfc66a7b7cb27155c467475,1
arb_d6bfa2db4d3da255154f7c79f7ddd5e9,1
arb_c6271ef10138697625614a898f994bdb,1
arb_7de97ad90b7cc04c5ff29bdf1dfb7117,1
arb_a959b7a1091105a4d8843a9a9a4fc88c,1
arb_c467773437836f1b4d2308e4bcb82166,1
arb_d0716a53bee3406dac8a0f5ff9c112d9,1
arb_353a8c2cdef874465a11c4cc86084861,1
arb_4c5c54d32bb6c93c82a2d5df9510c2bb,1
arb_202b8336c5b144001197ade19d42df32,1
arb_83fc0e0699778cc03ebe8759a6087f91,1
arb_486c9043c39631fe8f2a091ae0bc0230,1
arb_2637e9943c85a03ac199175083df9650,1
arb_302403212a8a1ac2950718c6e03a092c,1
arb_4a8c207e02526b5c4e4358a256365148,1
arb_55b4029e5cee05e7a26e981c85a113fd,1
arb_ff1753d2d559626978380f05a500bedd,1
arb_6bf7815eb5a1bd24b87080bd095a7f43,1
arb_131aa8830c9baae4cc60dd68f5483967,1
arb_4637bc7a04cbb74599bd9706f6583b96,1
arb_f2d96174a95bbf1950ccce08f6bc89e1,1
arb_0b982dd844c9c677866a4297510870a0,1
arb_eaf485d10a6b28a981f69343801b400c,0
arb_a296305aafa56569f89368a63b7c2930,1
arb_fa82bc150e3036ffeb6c57f1e43a17f7,1
arb_abcbe30425f196a501d42cf6518a67b3,1
arb_da6d64c230a447ed4410ab00645c0971,1
arb_8b5f7663d7f082f8d7bc742cee506bbe,1
arb_bf3539ff04f8851b24304044d4d923a8,1
arb_1bd3c5b5e2653dfc3bab36aaf75d0833,1
arb_e6239067a08bf11e05ce01187e83bc3d,1
arb_e3eef9d44500b127425b85147fa7255c,1
arb_9068822e4a819559f19113d1a36f87b7,1
arb_5755b41a7802356127d662fd2d2cb801,0
arb_65bd3df7ee07be0e48971d496dd21bea,0
arb_87ddb0dbd8d252a29c55298fb6fad1ff,1
arb_0a87645f32ef926c78a5b42279f4f5a6,1
arb_94ce3b80d7f14b1e433922976975528d,1
arb_88d5ac3cfaef55d5e433984ca02e10f5,1
arb_b60aa4daa751fdd8773f5b785da21b2d,1
arb_72cda7f482ea8dc2bde6665bcc4f12cc,1
arb_64f145b3f1f954d0c88b6febf54ad489,1
arb_ce249b4303d919b07ebffb827fa2b59e,1
arb_142fcfe4d5786646fe9f87dabc7a85e2,1
arb_9d63898248376a384b9584ec24c0c0a5,1
arb_249a06ca6bd26e7d66013d0d80313160,1
arb_294b4740d9aed2babbe5ddedc9f28730,1
arb_e2633d1c02467769d7732b58e349d8c3,1
arb_ab8debf4bad021f6047a658d01b9e670,1
arb_d5bad68d76a821d1c33d8b2c0dd0150a,1
arb_52e5cf208689bb75a7f6ace04f21b889,1
arb_2e5e9a690cfdedcf80894a038b9247a8,0
arb_eac69127cce9dcfc7a83a7f2394d7b5a,1
arb_4d5a33e874cb5a5fda70d14c468422d8,1
arb_7759ffb9aef383ca2195eb86c88da165,1
arb_8ad26440e1ca60bcfbb2923fb38c6a32,1
arb_68fd1ab8226d6003bd50568302a337b8,1
arb_394a934341f71765babc6df93d764836,1
arb_235f59cac7bde99179161f460b635980,1
arb_7665c56b78b7b813a116351fd9797376,1
arb_6e6edc1d9a2aadb05d214dd91932ab66,1
arb_37d813dcd2d5aea938a94b8ba85e613c,1
arb_939251ae494a762af372eed7af018091,1
arb_22193bbc74104b2902258ad227b3797f,1
arb_8c20a31d94c53e52bd3f22727d2863d8,1
arb_f3aacfafb67629051c23bdc1a998f187,1
arb_d5ad24721015954d2fc691f7ca4b5357,1
arb_0c5e4d5e7483b10841e925031cc28cee,1
arb_ee69b93b4f13d0a55374959bfafee0ef,1
arb_f84de807bde1d20e89eb22dcd32cb041,1
arb_f84cc1f34249eee06a92e6c5343dedfb,0
arb_9726c93416f4a49e76cf529f6b7923e3,1
arb_9dfadc6df99d387129b93ade0f8fa345,1
arb_cd7aa7a21dd80dd427cab90d4115a596,1
arb_113c1e97f7a91022aa44cdb14bc692bc,1
arb_f8d89f303626bca13d98291146577e78,1
arb_d85116865dfef0fabbc3f4a732a26afc,1
arb_d83560c1bb4ec5352c3903f65645f375,1
arb_e967ba0d90b0d2b56d1ddeaee834a8b9,1
arb_577a2ff0338e0781fdfdd5bf08741d1b,1
arb_ee8e1e1ab3e88806d03aa018cbce654a,0
arb_c919b354002001d20c62b066dc2356eb,0
arb_7117a798bb01799947518ce419127cbd,1
arb_8ab022defa444308e8e0fb3546c50e95,0
arb_6d36367fbfd31a059bd475b56a053889,0
arb_45fbe24e7debff073ef6be87cc4f197a,0
arb_9f15343478135e60589d084ef81a883a,1
arb_de67e5f9435f239bf16897349343e52f,0
arb_d192c6cd11d70ecf15fd56a843f0c0a3,0
arb_6e72ef3c67929e6c5bdd9e432271afd6,1
arb_f870bcd37bf10d2f92b61e5f565fad48,1
arb_544ac388f950be508d0758d6544f5dfa,1
arb_a62b47eab270db22dc183db6e5a2e5e9,1
arb_02030858bdf1bbf9aa38fafdc36a7682,0
arb_3fe71ddf0bb2af32beb75ba920d69c4b,1
arb_8fc4ee7b36f53a44e960a0598f4248b1,0
arb_07be6175160adece2fd9b4f5461bb1d1,1
arb_d784a37ef81efd0cf9e5b567df25e6ef,1
arb_509e0d4f36f1a201cdfbd1c78abdbafa,1
arb_39f6261a7c80710b1e8a9c156759dbcd,0
arb_5834217d483fcbfd16b91de5a2fb98e6,1
arb_6a6ea89a4e867c5c201da393ff8d4c1a,1
arb_c0be2d8edafe13cc4d23a3d486e4ba52,1
arb_ceec620de35c93fd6a944585bd351901,0
arb_111540a4bbe806767d28c3f349681ff2,0
arb_337e811563ecdb0b787054a26289cd5e,1
arb_dc09e18594221ba8d407d1e76114841a,1
arb_65c55b674a2174dcb160bc8f463696af,0
arb_4546d1eb1e4d89daae44c03bac68ad21,1
arb_df78e010e6be5410b45f50ed003669ea,1
arb_fb327f28145225f8cedd494d4e42b497,1
arb_c9694f05b79c1634a36089c17954c650,0
arb_b0de23e2747449569849024a9d3cc61d,1
arb_5c7a0a4f79f025a14caf9ae6929d2ef5,1
arb_e1b5bfdcef4355ab024e343be2a63ef8,1
arb_6b4a2d62d867e182cebc149ec9b4bc6f,1
arb_1001301dd9614e026ef8d12fabf3890f,1
arb_552a12cf10037963432fb608fcbee004,1
arb_3ee4e7e4b6c3ab093a69a508edf7889c,0
arb_51f50149fbcae32afbf32159f8bafdc1,1
arb_74789350bbb6b5335f930c92cc91222c,1
arb_4882d1af40851092d6f80eaaffe3b78f,0
arb_4d6fe906e24f673696003674200f3697,0
arb_d3cbf0920c5ab8d252c0d410df1923e3,1
arb_92743400d87c79bf15bbdfca7029c3b2,1
arb_64623dc12d3dbf46adea2c9a332bece3,0
arb_5018568d89fe07b9fb420eda965dbb69,0
arb_1f75effb1b87e51f4e373b5778af9b1f,1
arb_8fcee1ba6cf1e019f7835bc5305ba65a,1
arb_3e1ac64e98105c493b31b7d597a4b335,0
arb_26ae50de4f3193939b6294824314b214,0
arb_1bd1219c054a9200f70e598fc4661a49,1
arb_5ffdb59278d465ed6b961d627640c280,1
arb_6ae6d754bee6f1fbfb3e17f8822bd1b1,0
arb_0107c7198da120c34f40bd9419ebd099,1
arb_38bcf1b29d68a058f5f50396f8e529d9,1
arb_2cfb84b4c730c35aa7470f32e43374ef,1
arb_4ec598e2792936303d39c13680bb3706,0
arb_47b8578e396dbb43897a477b57cb9928,1
arb_bbd4d1024790de5abefba649c4b5e2fe,0
arb_561948147b2642edfee5d23a68cc8555,0
arb_664fb288aec9bcefab0f364a953b50ec,1
arb_d330bd6cdd03d43e79f560c71f8c440c,1
arb_441f294cc8fc19f6f25320f4e2cc7a61,1
arb_637e13d102b5d1ef207931cb53d52cd8,1
arb_fc8dfe312f30380484cc917545853d86,0
arb_bcd2b80e2e0099e1e36c137077f1c3b3,0
arb_1e38b635240f64d69774c1d9c83fb281,0
arb_f96e8fd767f4250ab370f24ea07549a7,1
arb_8515dae3bd0e885686a7234745a036f6,1
arb_60bd54f91c8617f5c7eab2161821605c,0
arb_003eb6870f3a8c8bc27fc1c99f40c5cb,0
arb_48a87a6a8d7d30fc0e5ce190b479bbb5,0
arb_f07a82baf7f2f58408e96f7d0cc15caf,0
arb_09ac6e2e433771ab55bf78f0cbb719ce,0
arb_61343be26b53840c52aed81f9286ed6d,0
arb_9682b6053c2bfcc22ace18d2bdc81a21,0
arb_a690bb65b681c3a3f21f82b67a715c78,0
arb_eac1d9738d947de36e8324f67eafcf26,1
arb_b8cc383a590269655dfe4571c703199e,1
arb_a18f8c60a6d469bec1d38bd2d5038c55,0
arb_ec3e71206f1770ec704e7d2e99c57225,0
arb_ffaa2f0cfc3b016529894f265a035241,0
arb_e36e7a89b451a74521ca266d34a6d96a,0
arb_8da128941549362e64aa98910d77874b,1
arb_3906e51af4e02af74faa06ce2bb0ab42,0
arb_6a798175be8639af58be540a6faf4739,0
arb_9909a6a85361a9530b27ede2001ab43d,1
arb_81f3806b5e654b986cff00f37ad75324,0
arb_13cc3256aa56524ca2d07a615fc6f1d0,0
arb_eb6b26abed06f6653efe0a5343d260df,0
arb_0bdbf1f8cf4bf748c4d99a3c9e7a2f77,0
arb_c027110af9b74ca7e7e18c8854ec060e,1
arb_09f418fd38b0e9dfff5b794447dd0cfe,0
arb_7ab743324f4fcc021739803c6d7b0515,0
arb_5144633b08d752c369e06fac508c6515,1
arb_7618b56a1f806bd6c1312414fe8f6c73,0
arb_aa83adac413f76950855257ff5169610,0
arb_5775e7cb175ccbe88f8bc78a7e23f748,0
arb_622f418cee4b1536d5269ec0a69f137d,0
arb_948498f5567f7cf5da5ba0a1b482a0d2,1
arb_0f6a8a9d1cc0558ec6026267f9b0d7b1,1
arb_a3e9bc96d0ddcda0c8bcb54d3c440e54,1
arb_0b589e3cb866ad3cea6150fc212d5190,0
arb_e95e6f27f524e8f4f4d7721b75ba4325,0
arb_0e11d389fccf6532cf9400616a604716,0
arb_97227d5051768b8d395a83f8247b29f5,0
arb_1ed0a3753fa30edf5f38f00ed277e82e,0
arb_035319281091c60f164771d43637591a,0
arb_47c58c8dd1f565bd929a3d64b78f0760,1
arb_c8b9b78f4c9fda6124adda36f1b52eb9,0
arb_d9d86e3ddba6a8f23418a81ff4a00cda,0
arb_e2663a09f4cf2d16ac1b4418262f76e7,0
arb_091f160f27f1b5dbb85ac32ff22b6898,0
arb_a98d0427c313ebd93bc217eb88c019b4,1
arb_0cd7978aa5bbafb45384c32f9159fefc,0
arb_9c89c2fd0a4d3f386a658388ef455631,0
arb_3b1aab340956e4a0a6a0136e1a35e7d1,0
arb_39ff1a77371b828f2f885c640ae80faa,0
arb_ebc2eefa381e84eacb36d7c4fe41c362,1
arb_0b7b5e161004298447c6fc4e7ebdc5d6,0
arb_ff9aa093640acef4bd2492ba8f4c8f1a,1
arb_5e865b6229bf0111255c0e8c9de760af,1
arb_162e51fb54e64cdb4faf4f1960f35289,1
arb_a0e02fd39845f76cb80bffccb28b4391,1
arb_027ac15b5c047c68b23ceb07d9c6c66a,1
arb_2467c71eb508e19ddbcd01ce568106a4,0
arb_fca96b1a33667cc5b7397203c780850a,1
arb_5ceb42b84f4ba8640441e1dfa2b14bed,1
arb_e869d54b4ec75f5ebafb728e95c2502c,1
arb_bcd0b3d85233baa93620d801e35f8ea8,0
arb_31ddf133b66e3550407453dced60bf42,0
arb_3beb1fe205c1eff1092471f10b8bb7e9,1
arb_7ed1eb0aac1e827ca6ec7be61c483f72,0
arb_a95a127b0ba04f98ce1957b30fae8116,0
arb_53dd3f8b79f29fa1190b275807e46fd5,1
arb_6bffce422e825613479603e640b15caa,1
arb_0c827340eb08be633907695e5f9cd2f3,0
arb_c83ab9d3b248f8ea0e308d836f780b59,0
arb_1d8154b44fa7e5f80f3c12e09e4efb3a,0
arb_fc655a7112ba45c47aaad7a7e0ad0f93,1
arb_7e236043cec2befdc8a26704243764ec,0
arb_bb1036bd98dd0580fcbbe2f23eb1c74d,0
arb_9f1343ce1ff3ee8271c3f0824cf947b2,1
arb_b52ec47f31d6489df63795ae20974e04,0
arb_3d6a3d9525f7e0a07a9e6c94fadc5340,1
arb_aa215056d36243de8d4124296448fb53,1
arb_0ca87855e619874958f30e54514bfaa4,1
arb_57f8abb5075ed063dc03f3cfe0182e80,1
arb_218b2db64e3df464273aae38116bce42,0
arb_00c82ce6297619cdc45eb60cbf403e2b,1
arb_6ce82474825877a7aefcd5c2ce59123f,0
arb_7427d9d2239bc3a907fb2c9ab7efe320,0
arb_caa584ff819dc764002f7c6865cd2d7f,1
arb_e964a5e17fed1ffb320697a38f047c99,0
arb_347e68a7803250898ee5e9002d540792,0
arb_8db5aa69ecc19a7a28726ffc35dd421b,0
arb_ace6e0501612a15c89a32892c5925ef6,0
arb_4b28c0aedcc912a5b0124f4e821bbf77,0
arb_97a78604776ac4407bf325ad18b2f40d,1
arb_66ea9abec33224f63e1eae3e57afad1d,0
arb_0125d12335a5617b524f3531b314c30f,1
arb_adcbe4fbfe223f5dcc57a974c3f95979,0
arb_01b7dfb3fbee67f647738ce45d31c526,0
arb_60d71b1b342ea9d46d0dc4b861c0a59e,0
arb_ebe5fe2d5ddee0a267811aae638daf01,0
arb_680ced76536b0097a7414f77ade56da1,1
arb_4f1187218d70cf583ec38c7b4afa8ab5,1
arb_341972b4e47b1003b75dc2111128a64b,0
arb_3eeb326372d386ff020f9d77a3ecf596,0
arb_c5c796ced6dd2e90eca880a7d7f09382,0
arb_b17e9b835b64b6a119dcc779fb8663c9,1
arb_e5ac99217111a76f8b61cb80ee8f09f6,0
arb_3b697b0184e6e69daddc7a1f23514965,0
arb_3962bbc3edbb627683aa22a6eacb2319,0
arb_fa9c2c8c7d38502d67695661239ffc41,1
arb_d2442442a69afee364c3967191524925,0
arb_152d592e04c74c03496871dfd377ea66,0
arb_fc1e9946aeb005e57327ce250e5d89e7,0
arb_9b239f300170901cf0aa48d498f559b9,0
arb_6542de25c08995a22e117af7c95437d5,1
arb_9e081558c88666490a6f561b91330012,0
arb_4854ddc7048edac251e352612c37aa72,0
arb_fa5186f43c2afd7e446122049db10870,0
arb_49023fccea7d9dfe44acec8324a21bff,0
arb_1f9783e273b5df0b7b250739843a58cc,0
arb_696a75fd0f6fa16a772150d15469e58a,1
arb_d44a57fc481bf9a63fd677c5ff87e87c,1
arb_fde19e408625d354e411ed408ffbb722,1
arb_5c52ed2728942f4e4298cbdc27b474b0,1
arb_b899da966af8aee8ace9e304a078a820,1
arb_7c7af614d7e26a57c7178e69b1fd7a56,1
arb_31af3b3e2d241a5237b6809ef3574484,1
arb_1731ced2b2a95cc36c58e9868e73e9d3,1
arb_bc66e44a4f2b7d1c25e9846febb0554a,1
arb_d598483329b626921c2f1450ded5189b,1
arb_117783392bffc46132a28d9aefde9034,1
arb_8d96f2613bbad65840094d80999b81c5,1
arb_0cacbdc7018a0b8d866bb18edf97e73b,1
arb_168f31403df6c231694257e6ee953b13,1
arb_d2ed0e9ff904e9e0be0dad1f855267b2,1
arb_24125d05ed85bf2f53123aaea1f5a043,0
arb_a784830fcaac549f4868f5f3cb9e1693,1
arb_ddfb3af127fc8f7760e7ed8d14c7e4f2,1
arb_47f33498c07a76a716f74240645152b5,1
arb_9c6c7d4cec0994dfd3cf660868b3e3a1,0
arb_357e80df519b236a260ce610299ed122,1
arb_7e5779712925d51ea127e6ddc5e4142b,0
arb_7ab0444a219e65257c5cba178a984593,0
arb_016ed63b878c458fa739b6399a73b689,0
arb_fa06df41be675033f280ae4400209182,0
arb_eabe5c082e726979f58724d620111e51,1
arb_2a23578a348a4f43549a6cce57c841b2,0
arb_0065ea9ed231c149c5456d0dc2fa13f7,1
arb_8d18a5ee4a5a7f1447d48ced607b21c0,1
arb_81a1fd09a29434b9286e83a5f40485d4,0
arb_d6fcc2b11d159b216aac0dadd1213595,1
arb_adb86011adf0310b3465918408311bf6,1
arb_03b0f10738f9086515cd9ffa27b5702c,1
arb_47e6f8d38dc9c30d6e4cd89243ad1ff5,1
arb_00b6909043126be13a059c0ddba803aa,1
arb_b84fc777912ad27804e1978223113b55,1
arb_8b29484e9499f4af85bf7c492662fc90,1
arb_1e8602d82cbfcca4e2ad8459c8c2a442,1
arb_1b39959527fe7a181c8d1c460f217a18,1
arb_81be4f09e506a9b0417b13759c1e5e3b,0
arb_5ff55b96d930003bf9b0d7353b0f5135,1
arb_7e64b145649d5d433e9e393f35304a64,1
arb_748b73dc3f79a26accba31e6c90272ef,1
arb_4376e87a2997e07f0d28cdbbf329d008,1
arb_cbf912bae4f683a3b120cfc6d0d8ac86,1
arb_a274e16ad24c18f295143fcf56b6eb87,1
arb_3a9530b56077d30be2c36c486527a65a,1
arb_00e590bd51223a1a2a84ee035bc850f2,1
arb_74bd25902f9747176d386829ee6448ca,0
arb_6806f56e4ab7550b0d41c656e1a77e83,1
arb_9c3ea414712d111ee6f7984f2bd625af,1
arb_e64ec50f1021ef01120319f3eb80a399,1
arb_3cc1387cf859de30c3e11981f16b95c6,1
arb_e6a9cafae72dcd3f73da5670d37034b5,1
arb_c8c3117b8bc8c5974c8f18dfda0d4d0f,0
arb_57357afd0a3708e083116af5b7f08f10,1
arb_51627f2b7d5fa1f5391161e856070fb6,1
arb_53d72a5517293bfdf0444f83026b0827,0
arb_7c5a027e7f95d47761dc40e78f7dd4f6,1
arb_5e9a35f7d65e9587d6585a831abc8439,1
arb_4020b3036c5ecd9d5e1a2ca91bf2abf5,1
arb_4e8d03dff30d99dc8e35bc1fff57ac55,1
arb_ad3edc078d23971a91e1d6ad52db5837,1
arb_fd135209b0dae3c8b5218c3603722b08,1
arb_43ef181c810d241cf3bca148305e5684,1
arb_338ed4f7d9c65762561449451b96f006,1
arb_bc7d664c86feee27d01bdc3701ed31b7,1
arb_68df4bad2d273cf29e569916ea16328b,0
arb_b21b486fd0e8cca4b02315cb11e73d5c,1
arb_bed223dd6de9b445d931caec59ab5537,1
arb_bf8a61b407b19757d95adf14778c808e,0
arb_a06dc5b90d5daace0f75e388d0ff34e9,0
arb_7abbafa6444aecba88556c81fab25406,0
arb_939f3f3bcdecec72ef89dd1a256f4b54,1
arb_b70cbfa89fb6b803fd23ff4700cdd9a7,0
arb_023e9e4ece787aeef69a1f94fc88471a,0
arb_609d32565bd672a8cd534c4db1912d4c,1
arb_a3bfbff96560bbca9841200bd4ea9d4c,1
arb_03dfd818c7ef59d21b156c1b3ff42b59,1
arb_ea44d411d9ae874030eaad08a64352bb,1
arb_f5f67938a13c3635be8f7ad0997f237b,0
arb_6c5add3125f5962300366e722dbd5c5e,0
arb_eda347d77ba34731af683d1c1c5063c0,1
arb_1fa428bb35d77ba4861d0ebdf6369a14,0
arb_be7eb074066893592055d53342d57261,1
arb_d1588df45782e1166e7280868ee2095d,1
arb_7b9021752be07a4c7f56aeff1777ae1a,0
arb_1615584a5ad522b53def0aa486a1fe39,1
arb_9043e12b97cc2294c8978d8ab1675629,1
arb_7fc51fac4c89a699198f3b95303cd7ce,0
arb_693a117deeaba59aee7a6ab2036d85dd,1
arb_5c95e299d8c6b0549ddb2bb0c192ba09,1
arb_20709310204c38da9eeeb5a1ca9dede4,1
arb_cd67b87c0e1f37345a665bb7f709bc28,1
arb_700576404f5d547172a52324f3555778,1
arb_5d445371da0302ad7ebc3e2740ae7666,1
arb_e48220aae7c37a3d9af9b444ee2522a9,0
arb_cd98ec7c18136b9e1b0103f368127af5,1
arb_de0f8b84cf630468913f23f162bc0da0,0
arb_3c253976e9e266b8524852dd6db3b625,1
arb_3844f1d91f6f2c2104c8d3e6e2ea93cf,1
arb_0de071d9b11ba7e6a10937772e36da70,0
arb_95a62fa6466fde0e52b0e6696cb1f8f0,1
arb_b151bc2da932d2ce1b71e50b8afa7ba0,1
arb_5873f86dc76648d8dafa72c834d11549,0
arb_89dc5658197a8af65920829030daeb69,1
arb_0279ee1b59e1cff4fc2f6452ecbb33f6,1
arb_47bafd3b0bd209c3268b60e5f73d21ed,0
arb_b12e8c5d7b48ad9eba5252335e2865ed,1
arb_5229afa5fac51cf774f284e0d4acd995,1
arb_c37acccabfb0d86b3c5d40a6556ff3a5,1
arb_60fc9b1e01052903c210571e1ff4e150,1
arb_40aa6b92dfb24543dab38b3b413a3fe6,1
arb_1ffcb07c9144cc0cc8f2b166541e3849,1
arb_c1e124ed5c007b3cb89b349eb364dcb6,1
arb_0849534c8f4ee4f936360029cc7f4cee,1
arb_dc6b55c2fa747454c65f8b32b99135a1,1
arb_22414e722b49814d8569013829a5d758,1
arb_9202acf7f56d83de93a4586c24a295a0,0
arb_126a94209fc52c287fdf068f455fd75d,1
arb_4f90910f91a3c828a734aa8f35b85bb0,1
arb_753239acdbf0773f83241a62d9ca6453,1
arb_21a839fdc1fad5001fef15d1a0848a1f,0
arb_bf9470951a4735a0186613ce9f197120,1
arb_678121dc9ee1f8aacd00c64fed344bb1,1
arb_59ca4b0c8d6584b0ccbd3d899f105810,1
arb_b8786438e5e93da1718a841725a7292e,1
arb_7af8435b5d912b5bc8a257cafff70cac,1
arb_95ba601593601a5efa5f079a6442729e,1
arb_3a2fe1b7fa55d81774556d392b2e9018,1
arb_b0fe546a0423dff7d470aa39ad686ae4,1
arb_a01260940b26d891e6a3845f9424fb5c,0
arb_ceb8c98b022b99641d2c238390660811,0
arb_169fb97e7ca30521b17a4c96361b55da,0
arb_356ef0f284c5fe598e9b44665baabf39,1
arb_8796e7103848919c01a8cbce4fe53233,1
arb_8a8639e31b875388d4231f7ed8be1c24,0
arb_f66f2497051d8293e7239fa423ff7022,1
arb_3c132ef48692b069eb98895952e4b263,1
arb_2c94008d11dff4222f4491ac043a41e8,1
arb_486311f526e2d25c8c4cbfbb63506974,1
arb_80b21bc8ae6c6e1b9e532050428ee2f7,1
arb_8f35ba4567ae0adfc3b20f3408c3d63a,1
arb_cffc0122f0bbe01533cb2b86d6371b9d,1
arb_b8a1140e88a2111ffb36a66f510be2e8,1
arb_e90db188e9fdddd15a52aad0b5059124,0
arb_1b4f190411378626b1ba359cb27bd9e5,0
arb_7db7ec888bad14ef4ed0f7ccecec24b4,0
arb_f54b504bd58373c96e5cc4c802891355,1
arb_73c93998ae68b9fa495013f367e712f5,0
arb_a9744755cb4d9e91e41080eac0713c99,0
arb_3332c082b04aef14e3df31ce47b54c36,0
arb_9697c3c61fd5b384fb8348d1f9097ff3,0
arb_b1b0c3dac2c23ddad503fe3ad36849ef,0
arb_bf10cde18f007b0c2db19b11fb05f543,0
arb_091cca1788c53d6e2c4caa8f341073fe,0
arb_b18b3951b0ad0ca70d4e5a62a762f020,0
arb_4d1c181ad8cee3e1be355fb4df8f5515,0
arb_a391e7dda9920869413557565f7e1d0d,0
arb_635f56a1b31ce61868f433844ef1d237,0
arb_315fc47249d46053c81e4a1df44995c7,0
arb_11b5e81605c0d62edfb6b776c879f1f4,0
arb_31e02fc537ce6233316053ece5e4cad0,0
arb_ced34a5170da5206c34e9178d7363cf2,0
arb_c3c79522fdcf59f015a593dc816a9771,0
arb_e2f18cfd0a776db3093bb645bebfeb17,0
arb_73351b904af7d0f85a3c1cb86e65790a,1
arb_8f27bbf3ea38a3680d091a9d2d21f4be,0
arb_446c184999f21b33535e1d3690a8e504,1
arb_c864ce2d2c63aa291f36e0d0562e3177,0
arb_5cea4b15f30c2de173b02ccb0e24c307,0
arb_f5670ea2f925d66cb5d5541f2f394172,0
arb_efafe09e18444d79413a1149ee674779,0
arb_5a663b6e4c782b13a564574561e92a62,0
arb_8238843ff3b666c4261c774707393c44,0
arb_8d6f7fc8ce40768c115bf0936db01ea6,0
arb_9c5208adbb065876410b417b31c4877a,0
arb_ff31b35bcea90f1f69f9b815e3e54578,0
arb_57d5cca83a36496f119689b1c4c7208b,0
arb_ddad19637e4f333decfc5dbf7cc91033,0
arb_feaccf202a67009de3534645d6aa668e,0
arb_5599acc35ece4e0e6ade44b958a42970,0
arb_d7d130c7928de648bd7929e3ffce1212,0
arb_7bcaebd1590a32cd37bc50e79311670f,0
arb_d8a6af19ff09ac8725e6d2c0a713cbdc,0
arb_4b49912132dbfdffe92f05b578b67e8a,0
arb_4916a2014029d39298552e967c460fe1,0
arb_d62fea0c69a252c1963ef2c4308a91c4,0
arb_4a242a760ed29f6198652e492eaa5d66,0
arb_5ddd8009863fc6531826d7329cc4ffd7,1
arb_f0e6a25359bb8a505e3ca5bbfa2583ca,0
arb_7d184ac9e3e8d3a536e34247660572b1,1
arb_a740c4e9c686ceab8a45075e44684ee8,0
arb_3649bacb941648e5c20f2cbba3d7a752,1
arb_bdd39bd1dcdd1d95af63e52b4c115c0f,0
arb_2bd40197954777e4912cd1d122295d50,0
arb_339675512ea816714c63584dbf098c5a,0
arb_58e72bdaf0e31f90a597ddd134812209,0
arb_791caa19841421c542094993c8c33148,0
arb_6d94341ccb39d070b69a06b30cb678a1,1
arb_4770e714bececcc4be81c2849b621f7c,0
arb_ae303211834b485a579293f3754e042c,0
arb_fceb7394cfefeab2c3a73963bd88d643,0
arb_7a6d4808b195e73871ccceedbd464622,0
arb_e1f5010fcc39ecce9e8621a3f1b9cd1a,0
arb_7734fe26294ddd31a1aa1971f932f41f,0
arb_c014938e00ef553fb45a831b480c9d6d,0
arb_afd141736631a8e504377aad6b4c22a0,0
arb_4a87711baebe25169fac3131440ad2aa,0
arb_f5c9504728534babcda232988086612f,0
arb_7cafc08e8d852ea980a6219aea57cb98,0
arb_42a74b0bb59283875acfa27f912db75e,0
arb_77b55ddded0c297180a99554e19d82ab,0
arb_4cf41c31ae1b62a83975cb47b11dd11b,0
arb_463d616f1a975fff8882e4f820a9216e,0
arb_922550e33059db11dd33352503d7191a,0
arb_92eb4b55fd3d8829d3b7463a8018666f,0
arb_a4b7e4b68f5f10b5495a7511238ca5a9,0
arb_5a095097293eaee19a43a4ceccc7f539,0
arb_167b92d2ed26c375e9cf850815afdbe3,0
arb_510cf8ed10320a14b6902bdc1dae4366,0
arb_a7bfa06a43d4e42c2181c451337d269f,0
arb_e71c84e385905b4809a2037fae678e66,0
arb_d7d7495c8d941ff87fa91c1e2b7afc59,0
arb_6d9e2fcbca1a1d743246942b47eae0aa,0
arb_738d7082f273191d149faa8143432d81,0
arb_5cc574d45c5d31013021b45e49aea10a,0
arb_11fe40e3987bd8c9c076837e25ab3f94,0
arb_75b1e041853df6c55c9a0e4e459d77e1,0
arb_85cfe46336694b65901fdcb817cc8845,0
arb_3b4a9dbb0fabc351b27947ba3572be96,0
arb_bbbaa4dea5d1a7546b436a013c9288ba,0
arb_61628bcbd3f401de576092e532fcd614,0
arb_c8a2b5b1e163f26466ef752280d51288,0
arb_f96970ef107ec4a2f8bc5f6c972bcd35,0
arb_6dfc2544fd48740b25da8d46a5c77a4c,0
arb_db03cc00d8c7eac055b4ef5cb36b6afa,0
arb_16a0f8ccefc969fa044c8a1f4c685c7b,0
arb_c9b90bf876a75f98721ddc4991aa3fb9,0
arb_18b2ba97e045d774d0ab31955f04ad01,0
arb_b9f1d99fddcf658d87e3d8eaadaabdf6,0
arb_74e3db413a6ca8bcefe15dee2c763254,0
arb_de0ba0bfefd5749619a8cb3890be05d9,0
arb_298cda945a97d6d23b0608795789e6ab,1
arb_6dd360a9020dd6cebd4f2d1558cd26ed,0
arb_5450f512bb29d8691977f74d8cbab4ce,0
arb_2c6574d40c7647028a2861ec84f33f48,0
arb_476753b012d6c85c9829ada9cd5d192e,1
arb_bac73283de792acb37f292c6909cc0bb,0
arb_a03365754a5560d73a469cbdb47d7ab9,0
arb_672b25340b6f2eb10faf689a156fc697,0
arb_8cb3c9653dd81c3833d6ec945e1236f6,1
arb_241e187e4b57642c18603bf0d02844dc,0
arb_9fbaeb80c37d272061edd6e0b03c6314,0
arb_4d13773c49d74654fed8e920da06f87f,0
arb_25d2189a79298af4a7ed60299f4676ec,0
arb_0456b3ef284593cfad5c4c7b10889fd6,1
arb_d7fad9a26612c24a0273c0f3fe4e6ece,1
arb_2c1de81059817ff4b948d8db7048c77f,0
arb_d6a7c1b90ba8516b899efc3746748387,0
arb_49aa9c50264bd63324365a849ca2007a,0
arb_4bc1e16335d86eacae81fb1414876203,0
arb_54eab8174eb337e0291ee0d0995eddab,1
arb_7569def3a5645abe2a6f520c72ecf4c9,1
arb_71ad560bb23f68f39c384f079ecd16b4,1
arb_c426b8a6f13d18c2176edfee17059fd3,0
arb_d17cf75ff3b7159b32c9b3ea2ab7e3bd,1
arb_b06147aa8f514b51c77c3c78950ca98d,1
arb_bad652d48744a84a2ce62b140c304c6a,0
arb_cba8a456b957f94fba15265bce2d9612,0
arb_96711d1a405169acbfb3c6f80f292778,1
arb_e2f5080ca4501d58c34d8f2c523c59ed,0
arb_3160d7c6b363fbe6079be4f9becc79cb,0
arb_83fca5e3265e0813245ff98b30399190,0
arb_a3d4890d6d8840e35cfcda0592beea50,0
arb_f09cb9e2bd8cd5ce0aa752af2dad4a62,0
arb_edde71b4433cfa6907007123dc77641c,1
arb_1b06500e710e36ac08fb5279cdbf5a1c,1
arb_619e38c650cecb1ebaab60b3bf00d05b,1
arb_f089f3327cb0abc74ba42eccb05074d5,0
arb_1033e4c1f7c23aabec9f9f3f0d81fd03,1
arb_0b86b1790b3ad21678909ad307a02553,0
arb_a3283373ea86941976e1c5f94e32795a,0
arb_89e38be9b7912a81edd4a73d37ac607f,0
arb_52431ad7d6cb15ed444ab4ce25221fa5,0
arb_57b44a015b15b25b474f6c9191b18211,1
arb_0dd8b38457ca248d87db390fcc852168,0
arb_8d693edf849e20587988788ba754c4a9,0
arb_ae5dc2e119e93572f22dd49b004282a5,0
arb_3bcf4d0d6984737d0cdb794a343cfb27,0
arb_cebd8c140015edbc97ed06edf5e17233,1
arb_24da13fffa91d39573ae0a49a38829c3,1
arb_0f03a0f0065be3c996862ff71471f300,1
arb_c82465357bcbe02d0c2cadf9da644e49,0
arb_f732b4ef84f87354f894b805f3a940f1,1
arb_90b8332f2681992a7b836557e673eb10,0
arb_996f13f90492b3bf165ae214e21e72ed,0
arb_4ac660279948c56b94c59414d0ce69b1,0
arb_e2eaee6f6a388fc8baa96519e28f8fbc,1
arb_5708ed94b9adb88ca104580509bc0c5b,0
arb_745aad291276fb3eb8d40f068cf86d82,0
arb_d8e74c1be53919a3409a263402fae8b5,0
arb_ae137772ab489336d364a59fd4ef2a69,1
arb_015c552a55af98cc203937304fc555ce,1
arb_dca98bb275ea2ccc0034fa2a1aeab3f6,0
arb_e7bfa50b002cf2f60adf881c6b664c6f,1
arb_06508a862b15c4c5bab660b8ba428851,0
arb_a2855fbbc629dfef1a4b8a9c2c2df47d,1
arb_9f2a579684ddd99d0ff8188628b36ed8,0
arb_4cfa235ee6c7a2f5ea0f2b12474de07d,0
arb_a58422e4c433bc8b9f295c0ec46e9138,0
arb_e7636af02664baf87c0a75b4e2567a11,0
arb_feeeecd79a2a4bed215509343cf1b952,0
arb_722af7a0a45da1a50b8897e2b8a5c3b8,0
arb_0d1aa8fd850cd44ef59bbf24204cecaf,0
arb_e9816733e696b1717d6a1a669b461373,0
arb_9550f713d6fbb0e5b36954c9722ac002,0
arb_4393713e37d25d6c84e1ce621be48e82,1
arb_4a97157cc5f8b2eab132cf355ab112bc,1
arb_931fb3b6e70b9b1451cd420eefe1defa,1
arb_94213cbea512d7cfa820cb6e39e1924b,1
arb_6e6d884e3a0a3a212cf172d0af08f61c,1
arb_ef9486e7f5d1decc1fe0ea6a80930195,1
arb_d50ec85c09c72b6d918c7b0ed998cee1,1
arb_b84722f0262d1e2ffe5fc6682ec8bc79,1
arb_6f2fde4a1a0ec713de542f36827db996,1
arb_78e8ddb2ce928e337cfacdfdb96ddbff,1
arb_503f064bd77052039171377f61b4a6a5,1
arb_af1dd111ac9b368415854493c8525ce2,1
arb_f9b1926c2eebcf260202075a1050eceb,1
arb_1ee5f2084e7c98f6371c0b1fc9f43531,1
arb_231f1b85eb4dbff4f67f53bcdafc5451,1
arb_007de2d8f78ed758a2bfde92b1c93dbd,1
arb_497b984f2fcba75975799600e4996701,1
arb_c0699e80cd16c5d75ea3257be08fe356,1
arb_4419ff8d15564287c271e51b31e930b7,1
arb_63ce44c86f1b4b9dc9e44f3ef987c3c2,1
arb_340f620087f4d6e17f76d818146b3f58,1
arb_d661bac563b433d709f31fdc238e3a0c,1
arb_88c5c771b9385ee3058c7ca0bd5ed24d,1
arb_a6735cfb3706c3c53cf510d487687a30,1
arb_3b917856baddd7dbe0c0d89d7366bcb8,1
arb_96d6bca81541e95e53a45b8d3370ab12,1
arb_487aeed3897f53c441438d2a0025d31c,1
arb_99afe7849b247532d02bc3e24dff2774,1
arb_9d3b6659b489440f380e17eeaf2d292a,1
arb_64a9990790e545b8d2481a5d65899a18,1
arb_74b7e5bc5fe8338b98b958735b3f0214,1
arb_ee0c2b20f4cf56a6893e298ab5f1f340,1
arb_3ca7cbb15c96ded4c31ad931f7d3a1b9,1
arb_121f6e34f17edeb5e852309a5a3bc2f7,0
arb_a16c16dc6620f4688dcfc110ab218cd9,0
arb_32327271564f75eeff32898f4fb0d6b5,0
arb_f9907dd8f475d0cfc3731210781b7e4a,0
arb_e7b7b48841131815f4c9213a9a70c420,0
arb_953ff1a540a0eb2a431cfdabb77f1bfc,0
arb_480242af09a1f02645aa4d9c194f2615,0
arb_cc6b8ea8bd548e784c2ba283a87e7858,0
arb_857b421c1f6b5c3cbcc2d5bcf47ba3fb,0
arb_3745521e8167e8d09d7e0abe7fedeaf3,0
arb_7ad636efccd145dc4a7d3831aee3e5da,0
arb_1a555f4b322ccbe36a0a508142deb8c2,0
arb_d837997ed8de6544a4b847f2b10d6ce1,0
arb_566fb0bc77276cb10645ca652a04c276,0
arb_e92573163bda57af1232ba15b6daea50,0
arb_dee82cf2da46e42307948e801453a958,0
arb_7c85d895f26f3d64a6b29a599c314a4d,0
arb_6dfb6eacd867ba214964e14469d87e00,0
arb_b5c5bccb15ce784e63afa9903014b30d,0
arb_495961915cc23f1e77f23c44aa0be114,0
arb_0d09546abb6a12846c62d393f74caa62,0
arb_773e8f9120d8f01c640c568674b82f00,0
arb_9b678ec1adf0ee4888f46b360e1d3959,0
arb_ebebbbafbadf3d2eb5cfb5bd6e9e7b26,0
arb_3d165e19ad159e8c8091a329245a738e,0
arb_45fa15852a6ab0dc1b83536b260b71de,0
arb_1ce78fd72d14376b8d1cf6882985e923,0
arb_f45450ac729eaf2ecbf6b09bd80d755c,0
arb_bd4be32fc72dfdaf5214e43e1ebac8f1,0
arb_0171617a8d139e9b6d26c5f4e7255459,0
arb_b4e31f3e18032a71b9d08e2c5723bc07,0
arb_b03172351c81c7b4875b92200c2f4727,0
arb_d23dad9b0cccd094406d379e70a4d3a4,0
arb_7f12b7a74347dd0e97fb4eb8000925ac,0
arb_25b862bf193de9c6318f8ba71fc9cbd5,0
arb_908c1df5a281bd3383dc61aa65877041,0
arb_1170f5a23adfce55096a21fa82386c73,0
arb_c698fedabef4409f7066b76075293a63,0
arb_81a456be6c9c0a98287b2f3bd7afa2a3,0
arb_ce3ba3f57cb2d9e9c05d4d51d6b5a29e,0
arb_74b12599d2cb5d5b28f47e8f1799ac1b,0
arb_da82afa30e3498ddc8d1801292e34615,0
arb_a65d257d0b3e36260e729505222d928b,0
arb_725e55fbdc8737b47030edeb18ceb751,0
arb_477ec11cf42c5b4c9a4c18dfc4e28458,0
arb_5df158da4f0d24a703b5a9acd312694c,0
arb_b36f1730bec534a3858172be773ac430,0
arb_db0e5d1a1522ff8ab60844f6c50a3672,0
arb_6d6433c14425f8a7a7a8da0aba012a42,0
arb_c421e22b8fad8fe7e1042fe8f0c9cc24,0
arb_8421931dbf5d17ebca7533e75a459292,0
arb_56a9491725b73021665b3d3eb8966cdb,0
arb_996c3e19fce5f5058d9177f78d2db747,0
arb_584771d8fb76f9277f192f47ef9db2db,0
arb_223812bcf06971d5abcf7dae4a73b858,0
arb_a019a81862b5a7f462e50a97c753e060,0
arb_ae5d40ac0ccf409f78c1710759369b31,0
arb_f7f49459410b1506d52a8cd5cf00fead,0
arb_f937c44a28f1c1a2b3581725a6ceae66,0
arb_fa2f23e664c9c6efece30b40a685585e,0
arb_004ee0c05c595011cc799704df200470,0
arb_1694c7e5d8a4188eac0a51578d579946,0
arb_8b2db935c5bf87029ac1418fb94c5870,0
arb_deeb34ab9454c3a0ff5ec55506d70589,0
arb_754dcd8e1e633a231ed17259e3acf8f4,0
arb_9e83e37152a59fccade3c76d4244c036,0
arb_a46d9a477d6e952cc739c1328d3e7ab7,0
arb_ae98bedcc97cd163d3f09628394357c2,0
arb_d11a4a2de82649c1bcfdd0efb3c1f640,1
arb_9c7db05c58d6809c0bca03be10740833,0
arb_9954bc5c3d896683a63e6d88d1204751,0
arb_c8518f476613683e94ebd634b00b941c,0
arb_5fec3440356d2e30405e39444d90cce7,0
arb_776eea6f047ee74cfe3248997b8b8a47,0
arb_dd997c130769a8c56ff15726c449b11c,0
arb_a5b708c035cef6f34ae946df0db469a7,0
arb_6fe53fe56911d51ef713495f06239c76,0
arb_122a4614b2aaed1172b1dac156609429,0
arb_f4eb65c89b2159608a36f4f2a9123649,0
arb_b7d7fbb6acb243d03ca8667f943fd656,0
arb_8519c4c67824936390fd6b8a86d3f7c7,0
arb_5a313bda2d8952f30577b898845cfa58,0
arb_527c93412887b665569358bd9f3f39b7,0
arb_e25f51ef1d44c5c48661cfa7e3dae71a,0
arb_a3c195db87ed99da4906294bad044e7a,0
arb_3954f8828024e106be17d354b887eb60,0
arb_725cca017c0b309714048eb74d4bea8f,0
arb_0fabec1f8b7f5632f4719a74f0cafe26,0
arb_9207d69500afd1fb9186035a13427638,0
arb_45c988e6a824c0f559feeae09953cb67,0
arb_2ace8174f3f19ed62fa6650816f0bce3,0
arb_be8f317a6634ef8d21d3e3f32d1095f9,0
arb_ff3f168b8ab49a7ec61368bba9f55779,0
arb_e96b077a4a266645f2b39e8b78b24535,0
arb_28e207e90caaf965d0ebdc1641a6de6b,0
arb_2994c913b3898867b006b18519dd4793,0
arb_26cd2d959d17e10d20688c9b6db328aa,0
arb_98393371111f5fdc8933c438cc2be2dc,0
arb_5ed30793d0d00df9dc820079aca47a48,0
arb_56121f3c4bca1b6ce542528471612e48,0
arb_4606f3a804a077ec681487913489000f,0
arb_d8f785986bb80549ddaff5a24abae062,0
arb_9aefd59e5a4c3dc68b6b05ae3dea829c,0
arb_8f4ad4f523676c3e0b6f467ee7e85aa3,0
arb_995ca33f0797d69d9ca3cd548805c68b,0
arb_d2d5b1c7dabd41e4af35d489b2bf7432,0
arb_06e81ec0ed38c76b13a33356489c399d,0
arb_c15bc288b24281975e57a4b0f4ffd6e0,0
arb_32be3dd4e876b4c650544438f8f90033,0
arb_d4f39fcaa8bd1038e3d132e98331b64f,0
arb_24b4b82bf0b2fd3abb59f56d2357af5b,0
arb_e0f63be2d0f20158e72775185a017704,0
arb_7b55176fff1316e0df7eeafbc56b6146,0
arb_81e370414f47436f9decc6214858f443,0
arb_c792d176d8491ef01e8885d88c079091,0
arb_9188c32bfc2c52a4084627a600850719,0
arb_bd7e9e96413d56c2345e54f02f96af12,0
arb_ae33b12d51710041c9e9bce729acc81b,0
arb_7415eb18fdf140efe75179db6fcc02f5,0
arb_7384857455b938ba6c482473f510de05,0
arb_ef16807992a29cd007c7e1884f293eb3,0
arb_80cbf0bc96ff04f06eb1d7557e31a948,0
arb_1f3e28724a066300ea690a8beb25442c,0
arb_d5336ddaff0b9473f927ce57ed6754bd,0
arb_7648fa3a4c8c93ce7545b55de90afec4,0
arb_a446210f21d9dd63b7a1909d40c58981,0
arb_dbf2260d5bbe49776c4b32d3e73cb71c,0
arb_211f7c10d84872c062ca83f0f0bc8ce5,0
arb_74f62492a539b828bfe8f7c3fc8f3198,0
arb_1b109f6ff6e7c5a0badcdf28a7191f79,0
arb_90cc900b55b183e19648cd4a2637f7bf,0
arb_25eb968b9d9703004ed580c10950e2df,0
arb_c67235f8b087307f1c154271b45eb877,0
arb_61e53fecea85514585d5de49495a6a34,0
arb_ad138fd4bf10ddca890b8a236855fe1a,0
arb_ffe825756e7ed26c124a7c2de8df47d7,0
arb_845a06e96fbb68052f9ea6f2e9a5d89f,0
arb_831ec6d211c8ce296b1c8bb6422f554c,0
arb_cdbba696ac82d7aa4df425b0d06162aa,0
arb_56f1e2d05c8f286b8170a4c6dcf87087,0
arb_0e182aa94ca391916df1459e7e38cc8e,0
arb_b95f5815eb76a19a72f1ed2589cd95cb,0
arb_d2799d260d6c401aba9f9e0f9097e4d2,0
arb_b4f6052c784428e69d6544f656a61a60,0
arb_e0c6f15334cd7d7fe8a0a8247c3fd3f6,0
arb_3bf7c83f3ee6b476e5fcf30da634821d,0
arb_812411f9da6c9f7f0f860d06a18bc125,0
arb_2ad3fdbeb6fe53f471cfa4bd40414345,0
arb_6394bbe0672a12c50d26ee746fa148bd,0
arb_7a3261338ad74a96efdf651c95f65190,0
arb_4cd28373a4430b0f309ef2c6eb1aef6e,0
arb_e6e01e67888e2794b231abbafe8cced0,0
arb_0d53d178962c0f0298ad31d22dd5aac6,0
arb_f253033965cb66045f5e33f77f9e11cd,0
arb_dc6aab1b342b86612d8a06f7edfe291e,0
arb_43fd0d2f16cb70740dbb5572d2dafb70,0
arb_c538b171a45964300499db8787d9401f,0
arb_9b30affb30ec77c57c2c45b79f128152,0
arb_fee4fe4c6104695518744af312002eb0,0
arb_4f2370f6c8788282a010a06843b2f202,1
arb_63724a3895336b3e0423f60d0548ac0b,1
arb_16117d8d2dd8bb545a2fa22697bd12c0,0
arb_5a64e0e49619d97a8941f93c4cc4fc6d,1
arb_e4cfa9d8c61a88d5a10c82af4c6af211,0
arb_a3c1bed04275c7d0cd9b35b10ac79cf6,1
arb_8a9f422094ccdeb17d6d423c62ff77a8,0
arb_e6d12cbec17c47e21759b1ef37b7634e,0
arb_1164f3030af2bb3a9b7a77bc7e19aa93,0
arb_27e136294cbeabb88219855005420ded,0
arb_4bc2bcf9c3f89a94cfbe729141ba7129,0
arb_486bd1a78bf2025cd45f9a607a42db3a,0
arb_66a88f84951c0845bf64f29068a8bcc3,0
arb_93839a78edf3ded08c2777a425c72084,0
arb_62f74611fe77024ca78ad668f3d55515,0
arb_6e0025ca95433117c69706578c562110,0
arb_1061a02ae04d0dc897b1d6c1031b0f99,0
arb_ca4b4fb2bd0c422cd9b05dee0d5fffcf,0
arb_59785269a4f22b4b2ae1c869a86a1b6b,0
arb_786acee43b06d7dfe75f20a8abe0fa19,0
arb_754c6e671a02cd3b40d1dfda7e7326f5,0
arb_6c60e43ae323a0d62e5db65a23ed49ee,0
arb_8ef0c98cecc4917ecdbadb7470e17b7b,0
arb_25c2ebc41fa913e465ccc9deeb42ced3,0
arb_3ca4ee188101fb12fdcaedac27ab4151,0
arb_afcd95ad536546ea4475d32886c55b67,0
arb_c379ef0203991ea72cded814c369b4be,0
arb_2bbf7c4b58a4951ab045c83776c45988,0
arb_fa035c41eea595241121ee61e82889c1,0
arb_23a8f8e55d687a702d7912cc1250441d,0
arb_811ec5a965bd3a76372d809e037a4b1f,0
arb_6d83f8a80cd29771ee97535a83fa6034,0
arb_127e219eb7a739d52f97c0111aefa7b8,0
arb_8bc96e384a7824a2d8ab567ccd724e94,0
arb_4a846ff6dd0cc39130800fd0df6d009b,0
arb_78ece46209d78400e415d6fef38915e5,0
arb_83050c26d087c4e11e82cc37598c05dc,0
arb_afcc0117e584535558e40e772855b5af,0
arb_9089bbde722cad00f07c75320d533db0,0
arb_dbadbb1af285f79c4265558caa29d9d4,0
arb_592f89c4ee7811c77aa1b2737ffe8645,0
arb_55749848a7158cbf301f7e71daecbff0,0
arb_d91d08c67770f2bb4ca48113652a4eb6,0
arb_271a400e48acf052a9e3cd902109498d,0
arb_7f845bda3e3a761e7eefa91b0430e619,0
arb_c3318480e8374726458e583fd9d7d87e,0
arb_86d79d0937af8c5b205ff90bbded8607,0
arb_4bcdf06c4e6edc6d8d8a7a98f9419a8a,0
arb_64c48b212fd08f16fee17ff214c4a800,0
arb_a820d15f97d9b706f41cc9fd7e8bca60,0
arb_692283f4bb8ebb6d4ed7a56295a6b6c6,0
arb_1a4193ff4200634dc9df3dd4e0db3e39,0
arb_bec2caeb532c868a3101582b052f9798,0
arb_403524a21f21566455fc1e821e00f64b,0
arb_a966af0cb5e40f6fb3699eae8262000f,0
arb_dc6cb673eb75258b4e08bfb0f3efd281,0
arb_71ce851282f095a90e9e1a5c1bc84ec3,0
arb_0e65c9bd1e892a0c7594fb69130d7e9d,0
arb_2343e18cc4b68fd82d9584df8dac8a0b,0
arb_07d8e85ecd83b5b3ad315f73fd705236,0
arb_fd5a1fb886dd96b29fbcf345c2340192,0
arb_2c1cf983213f752567669294c69121ef,0
arb_4507bdf720400b1327b4cfcfacea1385,0
arb_d2e3b4ecaf06ea41cf86b11b101d8ef5,0
arb_c652c47b316229f491e4b416a044ca96,0
arb_ce8cc97f34d679e59413291931b2c2fe,0
arb_35c570a6b94dad29675bf4887f977512,0
arb_39969fe784d84f519269089781349f6f,0
arb_40807a48f465f296008e04a770a623ad,0
arb_9f851b278961b1c24212b592cb8b1abe,0
arb_5cf991f16a322cf28cedcbae066cd2ed,0
arb_1b94b3c5975168fed527d3d86cabc93a,0
arb_25ab45c2db760e8487c81a2816d71b61,0
arb_81e0b2b22514991c8fb13a29ffd4606c,0
arb_5740a583791bd48d256faa24ea934db2,0
arb_6da3d8cd296419d21a1263b49a59c79f,0
arb_8a7bba4e3aaea23946a2c12caa5af292,0
arb_a618b91464f14b9a8642de0b21e50dae,0
arb_7b4c5690106a2ed5fd54a2d7cff4834e,0
arb_12e0ea46e933c5c73a554475071c25ac,0
arb_de22f42f91a892e46274598427c81fb2,0
arb_a22f45d470a882156662fbf5746b1d4b,0
arb_d7e3e6ebe37d588cc7ae605f8295e8f4,0
arb_e9d320bbfe0750bd02bef228bdf165f6,0
arb_9346f5d2b20332ecc619a97afefb71c1,0
arb_147e42237be8ebec22bd9b4fc38f3d73,0
arb_6926017328ad5798a915907f2100fa5d,0
arb_61980117c578f5da2885d5a401fdcf3e,0
arb_30377be140d82352daf42efa2d8d56c9,0
arb_6f45a4836242f9fd50e34a64c8474c8e,0
arb_2c3447d68bd2d1643998422f3fe7e9b3,0
arb_d6103931fa8039aad07484cd5e126388,0
arb_9fd8597e878b2ec50e4e4d65201f593e,0
arb_659640851306563492affa238c0a7f25,0
arb_cb4d175c25371203b727275e84efae78,0
arb_1fea2d6754c6ef3994ec8756fad47e47,0
arb_7ea47edcbdd4cd4d995a6b156a3be552,0
arb_4209c48290675069f10af7d9248db3d2,0
arb_5d50649ff139403aa8cfa07a9ea779f0,0
arb_eed21cf268a2165cddaea5a036c55ee8,0
arb_ad9a8a5a0868eb24b9e6daed97f58b3e,0
arb_671591fe098f57d851e3ef43a4900383,0
arb_476ce02c8244ffd98b6914c73f42fdaa,0
arb_2c34f3a34d2c9976320776f09b4bd6bd,0
arb_2a84e7e5b847d660d03515deab83e916,0
arb_c13b1d4497a05d8e777d8b0cfa335459,0
arb_7dfb281ea20839c056d25a62f6071a20,0
arb_bbe279b8a39f683c797dbefed20e9ab7,0
arb_9c95c50711fd469003d6e4fcc295c804,0
arb_b4e551431f4062525453e044b63508dc,0
arb_66b35a262d67013b06a207aca21908b4,0
arb_3c0a58b1ef7cb0e4420d5c4cde362098,0
arb_631c3de9adb8517011b04b87cd8f1c09,0
arb_1b2ff2f8cf7d5a1a61bbb9763f1ffa64,0
arb_32757a1aaa75fb1156970edfd393c701,0
arb_75d72022e519a15ec47c67efc0bc6f2b,0
arb_13ad57aa1914abf52bd7b95d6928b181,0
arb_7a344b9d13c8905a2c29fae227fe2691,0
arb_fe0312651ecbad54decae79535dfe3eb,0
arb_ee19b24564ee60c6cad9cbe360eb59aa,0
arb_6eac3c66800ef55e287fe9513bd84ef5,0
arb_ee9f269a173296c9c658d2092e7a50e9,0
arb_9af68fb1e270ff1533870492b9b0164d,1
arb_ff7f1a34cf8a64f9f3a2cc8cfa3f25c1,0
arb_20f41b3aad47106911de2f52a888d253,0
arb_1305b3bfd3fcb0359da45d196a9b4c45,0
arb_cfd6e7f5700bbefd559abb697d2f0c41,0
arb_ab2e614ecb81236847e647e2745c5e66,0
arb_1ddbe5a2b7ae6fea813eb239f0a05abd,0
arb_873c37272fe1353b0fb5ea10be0ce39d,0
arb_cdd21838691b9233546270579988641e,0
arb_e7e0f44464cb4f3a13b3cadaa9feb4b4,0
arb_2e36351edd4596a653e8ba849c7815ad,0
arb_9911374b5a54491d7136087c66e4984b,0
arb_3e05bdb70d4dc449dcbcebe77d526189,0
arb_073267ec71ee95b63ac1e40266c913e2,0
arb_74986a9b9f3234fcc8968f4f2e8995d8,0
arb_0bc7f424d8bea4d04ad44281dc9ab5e4,0
arb_7da98a8a2d5a005a2d497f058ec2c6b7,0
arb_5cd9ae890b7701c7fb76d28a8b9d9164,0
arb_a8c6b8e7e09fc63889b72c48319332c9,0
arb_99ee0164585055dc245d6e50fde1ad0e,0
arb_65271d1dd923823f41c0572405d5ae30,0
arb_8f59da9bc0df83fca3272ba0f072d5e6,0
arb_db22ddeaa49924e744f2d2c5ba030415,0
arb_4dda43e62fe622a4b9724b44c26ed143,0
arb_87479997330ac4047691761c8a3e7139,0
arb_f88708ac37d0ae7a73a9e60492f4a21f,0
arb_d05fed551e2f6cb3b289af4b02dba123,0
arb_30e5e5eb2f678818a2c379d51672ae97,0
arb_e076c564c5020ede5004e9fb5ecbf6ea,0
arb_a9228241417c1fd9914459d77f1cef18,0
arb_f4c7253ee46330c04099a1c425f95b11,0
arb_4adf9eb11130ca65505cd488dd0c8533,0
arb_722037c102574a4b8997378f51abf35f,0
arb_c2b9d84daf476c9de898df9dfa799595,0
arb_e7ce440b0dce289426409e5c02c18896,0
arb_fd82c7764af4da1e2b178554942451b6,0
arb_56965d3d438e4f71973ccdc0dd80c515,1
arb_a56b42df17786f5ad1b01fa48c8dc70d,1
arb_395cd7e4cace91f6960f46ea5f0f3b05,1
arb_68d65d09367a763bb9a4db9f0adc5aae,0
arb_be0ec43bc618deee27ddeaac0f7be926,1
arb_c491655ae815c88aaf4e8d7933a0e3b3,0
arb_f9279dc9be1d069368e40240186ff77d,0
arb_59d6a6f150cda56cc12336befab9da32,1
arb_859838510af67b780fda337a0d1312e9,0
arb_b85f76a3d535a989d33607ad469cea5d,0
arb_1fd771abaf980b1aa5ed9bd2de47d57b,0
arb_3dc10db1ee19f5e8fa4a64a47d395713,1
arb_c19148f09f785e9037e95d4c67afa429,0
arb_4f1fbae103750e383ce854d7908d4a7f,1
arb_d09d2da6fbb94e762ddfab8225769fae,1
arb_12695dadd7e01f912bb19277a6bdec9d,1
arb_4ff61d07623e5d234d3309446889fdfb,1
arb_43dcb24ff37efe6afe54efbfc0be0d02,1
arb_be2b96e7e3cc72f5d831714dd538e178,1
arb_d51ffb3f058c3c4db3efe577e9e31226,1
arb_a443e695e6444fbf28b01860aaf7d032,1
arb_13b48c152cbf839f252b1fdc4cd6a493,1
arb_8e0858ccf21ab00f27b521a5df3531fa,1
arb_5d77e8d4715d5c30e7fa2c106cc2a849,1
arb_de0384540320f8927eefb93c7788a8b3,1
arb_2ce11f556bfb3b19ba3c71d9ba5db219,1
arb_ced385da129ae86522e77b0c80a9a091,1
arb_1a18e84ab1a2a52955aa198c78304a0b,1
arb_6c3e01be059c96f668799d6d9c3a6be8,1
arb_54ca449c00238c25e5892ae8f3c8fe9e,0
arb_24fc0ad38bb0ad5a7a0e04a9e3b3d77c,1
arb_dad85e90267c25b33225222d3ace74b3,1
arb_26ed82b77bec5cbfd81f40b72b3f10ea,1
arb_c20a6b4c24ea3c2c754bf602480c2598,1
arb_dbdcac9ce65ef58a007a636219897907,1
arb_726d8aceaf9048e96dbdd69619814cd2,1
arb_4e3d2ef1a33bf257e5a33a1949a16516,1
arb_1c4477490136aef6ef0b7e67ac4f6950,1
arb_473a41f668dc0e66cbbdd92fdd7a7101,1
arb_e2d7bb220a85c8ac2f64857ad7cb9e04,1
arb_4fbcf8fa1fb784ecde10801a81ae9d84,1
arb_7ea31239edb551e51aa48903517fe5e7,1
arb_188e86dc4ee078f79377e16e437a1c56,1
arb_c908e719825a546a900d611ec1e62d40,1
arb_391bfe3cfa0f9df703ad55500df5023a,1
arb_b300408ce7395ec885ab8a11cfae478c,1
arb_b7af5727c779f675d6894fd7edf47d78,1
arb_fc347661bedbaf629ae1383fa989d54c,1
arb_409c541698927cdd51ff94844ba20e95,0
arb_95b35693d40ea0868239fba808b568e0,1
arb_9119fdf551cc19fa2beeec3ca36b0baf,1
arb_d95c086bcaa724c9760f142490004d82,0
arb_850312ee70828952328ead2637ef8a5c,1
arb_e8012b938f26dd271ed4fbea5fb474a8,1
arb_ff404d5bb2aea11aeeeea2ec3f4be75e,0
arb_822a3e41f11d97503a1b9b23d49934ce,0
arb_ff0dacc6dc5ae67b631a866dc2290f6a,1
arb_772bf06093e13e9bce4dc0e7529fe726,1
arb_0d76a3416df53f88f1361972fd7ce959,1
arb_bed01200b1272b59e065cb7295eecc9a,1
arb_4552a350751bb1232aa11d7b8ef62388,1
arb_b22731465b77bf3b0bc12a9705e0fc8c,0
arb_08e047ece3a01170cbe3c08eaf719fde,1
arb_2ecb5eb8f85db5b4b246b47698a10a02,1
arb_b58a8a33e1a2f656b5e6fcab758aad96,0
arb_00cbc9527f29254bcaf2e135ffe7c9e1,1
arb_7baecf533546f91c4b301259c855134a,1
arb_3f9f872138c8d5141184a7c9fa69ff79,1
arb_64884bb689158d7c54db606663831863,1
arb_0e1a51e70085f6271e42b632d6be60b0,0
arb_1ba8e97ace8f8dcad9f11cf50a76f3f2,1
arb_21d72fb0220fab7a13f9c83b8f3196be,1
arb_b698edf6874b20f703378d11787d5eec,1
arb_f9285c18ea0731090bb0e89620fed762,1
arb_40484e6ca82ba0add453fe9195fb6909,1
arb_0b97274281b325b63094d149a7cd9954,0
arb_31cff8e162167171ff7ec36bf9fa22b8,1
arb_7711d72f5a0ef691a708a220fd941a66,1
arb_6b11883353c9aa2720c578a5a22430d2,1
arb_eba3e2a68c5a7a858610776761c1ac8f,1
arb_ead69fbecdea6945276ac3d686aa8eba,1
arb_d59fc2c1b70a23d56fbcff79b35cd6d0,1
arb_da6fdcffa096c77d8c7f3dd148ba66cb,0
arb_628cd23faa3a15ab9d80d2d27f2881d3,1
arb_d3522d4df9adb557a66949f9723c1476,1
arb_9a34527d3cafec23ef466aa49f9ce85a,1
arb_50d01dc7aaf7c9dc354814d513a8a88a,1
arb_52262e3ff219fccb47ecff6d5b27995a,1
arb_f34a3d8c7360d0834041ae73590d307f,1
arb_da1a7db702606e46e6468c952b49fe97,0
arb_2734fe59f77192808d872c0523fee342,1
arb_bb2f34b59253a6cff199c007cf37d399,0
arb_05fe20e71218897cbaebba01ce351d8b,0
arb_5aedf533b46d39ea2b7231a2f17f4f53,1
arb_ce60074861cd3721a74374893c96fb33,1
arb_594fd451c06ec91974d004dd7c2af3a2,1
arb_068ef99eb6ed916689d7bbf754500956,1
arb_e1d906190dcef1a488d1d1e93da700f5,0
arb_85064e336d8b0e98264d4029295229db,1
arb_46fdb8689096dcea9e9d8f171cb2f0a0,1
arb_345f982b4827171b110103dda698ab41,1
arb_8630d13f2ad87df481e911c1423eaa6c,1
arb_f217507198d7617555e2ed48146c3e55,1
arb_3d99b0da0322b87e273e06eff8962ff6,1
arb_13fad39f307d438f1e3675d26f62bc0b,1
arb_977712d136bbbb3fa2b6026aa0888b3f,1
arb_ce2e0e08ebc21cd42ee4cb3f1ec04e5e,1
arb_f51f970760c3e26db4325045915483bd,1
arb_e60bb801d31004cb64e1b61e2a395bb3,1
arb_4391bfc0f74826f820a50179edf5ff04,1
arb_d12df98bc825f6cc912112b12f12f53a,0
arb_5b8c56e49d4f668739fa6572f8b67c70,1
arb_44b0e099b160caa6da5b434cfdfbc63a,1
arb_7d8a0b62d5cbe9ab7cd1351a48896d47,0
arb_ca2bb188c72e99372e9a9800508c5be6,1
arb_58e73743d37b325acfccd7927ba08650,0
arb_9ca8ad12448293e86c5d58eac5007218,1
arb_2958baf5233751651713a3ad589e86cb,1
arb_9d290af828ca76b1970b5b7b541d7407,1
arb_6a07de31267c9056592d89bd7d7da76e,1
arb_fef0a53dd77adcdfb1a1933a5d140b30,1
arb_58a1777e211c3ac829a3eb5b9cd99382,1
arb_0d5d3c3c9408dab9051da2dc114f934a,1
arb_046958518fdb26485a8dfd183a983f9a,1
arb_b3e9248dd9ccc5852ae692b1bdccd52b,1
arb_9e0060353a6bb58c302be4147d37a7cb,1
arb_9e96201258c67f2cdb0e79737edf9d05,1
arb_7186d1df86143422fbd2e71e6f886878,0
arb_bd1c540b1e8c9b30238239b4227ded3f,1
arb_5e999e9286ba86b2f689c40f5ce161a4,1
arb_df41efa14b191fad0221fffdbeb342a3,1
arb_6df6e0b226f1872a3d150191e6ad031c,1
arb_7119e864fe3b25910cb0558923de9aad,1
arb_682a2bbf174bfd58c08559465596d631,1
arb_91b54684ec9a45b87fb6624c43398b1a,1
arb_095b8d834e649d686da081be7e1353ae,1
arb_25adbcfdea003e626eb977e34b209ff9,0
arb_59d264bf8d324ca04b6b3f6a57a80063,1
arb_bba7ad61fa41f712e83deb6908f1bdc3,1
arb_3e30ecc7d2282c2d7d78a20006afd59b,1
arb_1a9a3fc6095a3d8fbbbcc936ad88bd58,1
arb_b123b011c3fc23a5a2328bbde1163ae2,1
arb_6f45bd08400b2ec2928f758533f55fa4,1
arb_6b698f68e954e58682dc4072914cebb2,1
arb_9a2e4a1f721ea549fdcb8676d0b25065,1
arb_76d909db600fb85534b8779f4f1c2cff,1
arb_e8a39a6a8955c335789a41937a2e751b,1
arb_fed8abc7c7bdc756784413c4b639b70b,0
arb_e182cfd1f842eb2374e601d5be7989ae,1
arb_19c7a50954e20892b1a8f15dbd3c394d,0
arb_0f628239e28c9451cad315faa83a42a6,1
arb_06341408fc8d70e6436f2dde568f2b80,1
arb_561dc00c13fd27e86be0aacb2ae5a8cf,1
arb_5e44ddf2a5bc30197816ebdfcb338fbd,1
arb_373d2cce55cfaca902ce0171f1bfcd37,1
arb_b3c0132468f2e167ed295274b5b6d583,1
arb_d8775028dbac5feacda2d0a50190d62a,0
arb_b6474461c2aa96d4f6156f367cd0e63c,1
arb_f5e97a51b2fce57304a3b2ddf98f0d6b,1
arb_7ce3f98ee967c5aaf02a9e3110c47dc1,1
arb_dffc0e5a74987fa22bcb235af334f8ec,0
arb_8a50761e400ec41cb87caf6c4115f8ba,1
arb_9f00d83513554c3aeb32e0efbd251224,1
arb_68c9066920f5ecb3eec343583450c270,1
arb_f34fc0bccff3633b7612d0292dc6c7b6,1
arb_a957f633f2d474d2af9fdd992082b615,1
arb_c80b78695db1bbd824a5c096627360ce,1
arb_616bd023f0c51711e391b89455bb2f07,1
arb_1045ff4dd95dd61d37cd44d7c18e09d6,1
arb_c3242a30fdd1cda773c7e6d0bd1dfb14,1
arb_e31ca4c0cd6f7344b8a00214873af750,1
arb_492473700ed42d31214cf84e21e2884c,1
arb_dc35e7e9464cb85a855f0e9fe3dbc00e,1
arb_a77cdceaae69e0c3eb88cec7686c8c01,1
arb_1e2b866e486afffe31bb3dfc5c13f4ef,0
arb_3f2b24616d5795836cbad34c44818af0,1
arb_9dffec2bc41d161b20b99db8e4cb5d97,1
arb_981efdb706510c3d2effbb89fa4caec1,1
arb_638e76cf71ab939d881fb44352fcc441,1
arb_1001c0457210e0a06ac64d74877d5f57,0
arb_7833083079f5ebb1ce892c3d7c7d9632,1
arb_0fb0cf0b330fadcd4ada71170f3b3a98,0
arb_2cb83d4055c39378dcc2f94e2d6e9a23,1
arb_9df48acfab3a3c0ef8cd7328c67c4532,1
arb_23e68d8a6f34d8c27045359298432329,1
arb_ab933742f48407cb5de5f914050b10f0,1
arb_fb7062df02cb90426caa1b8409dfe274,1
arb_b8b6d8770346c637c9a3374e91827d2f,0
arb_c204971c1df9bf9d1840515eb68aae6c,0
arb_31dbc7832f125b0d6a25904e9104d82e,0
arb_410f7669ed6c28f4e1ef713cdc0304da,1
arb_4f05d0058497143c3294304fec9b773f,1
arb_a7177b586a22b31550908a9accdc6f2e,1
arb_dac11dcab1d6ff84d59c211754424090,1
arb_6640203e174d9145c552680cc9947531,1
arb_863ecca6e0cebb2853ce7d2b673fa8ee,0
arb_1be4dfb4540dbafa3744e8ea30a57bff,1
arb_f0c0386ed6fa23a82930e9e9673fe05a,0
arb_f5a179916574b13f3b395647a16741b6,0
arb_d6932d9ce6f6b24a1fa1481643aaf6b0,0
arb_4d439c5c8622f18f16d68a0ea93143fc,0
arb_ff22325ffe5f3488d3bd24c304d3e90f,0
arb_a11328c0ebb6c7ce5a58ad417121913d,0
arb_d9a42108398f09d2959dde37742ef141,0
arb_42d9b30b40e191bb12f98a9fc587bc8b,0
arb_3568b52295c9613c3ffcfa6d2670e966,0
arb_e3e0939dcca48b36cf0b205b1c1a0439,0
arb_8b625c6c6cd0295f40e65ab4b84ad8ea,0
arb_18c854769b6bd9fbf3ba52b3905b70e0,0
arb_be7ecf9ea57a9e9ac60fd12e6d806ccd,0
arb_6367c68a7f5a3495ed796adb1a0863df,0
arb_567fba040bb23d2af14e705977e8f527,0
arb_453e9e0a8d0d8dfa5be49d3db9abc898,0
arb_2316915f8613ab94ac6bcce78bd4c94b,0
arb_ffcfb4c548e2d685115a1248dcae066a,0
arb_ab07812ba840dc590c17a3b44b1ef02a,0
arb_7ba546bdbf0493d7bb2ed85f1db7a279,0
arb_867ffbf421e4d6c339c3854b4adb73dc,0
arb_9dbc2bc105d89148d160a599145ecb50,0
arb_04984345b0a7a7ba0056e80a905959a9,0
arb_23e721294b3fa0186bfce195f4240c62,0
arb_1bd4175f1cfce4ded309ce1226dd656e,0
arb_2326093ac3916b291a8d31363510f311,0
arb_0fb7e6bb5bf62595f7106446d6b014f1,1
arb_9108fbf2f17cec7357e371608698623e,0
arb_ad21cb16202c70b038056cc03c393d90,0
arb_49ded607f04bbbbaef227a3bba1da65b,0
arb_51f084890d1e5173ffaf18b97f5437d9,1
arb_001c1adbffd952517677121ea51e3c2b,0
arb_630ee4251210eeeedf81ad695233b799,0
arb_e07e49dbf391e8c5479bde46ed40399f,0
arb_9be513822594030914950757172494cb,1
arb_4694773293e3190c93a28ef44bec8e92,0
arb_aba9a89345df887450052df5896857c1,0
arb_56d4222a5b0e8b61c7190b521e64bc50,0
arb_7bb5fc718179f72174bac9448c92e6de,0
arb_9261a64692f5c0639f57b65ea04bf691,0
arb_21adad3926afc6e1067b57a92d3b6fc3,0
arb_45e18793c1a11739086777808ffaa936,0
arb_4031582a9d0ed4a07770a32595b3a5ef,0
arb_217e8d6bae2179e99d2eb9ed312208e9,0
arb_539a943accb2b3329be3ba1b5e9858f6,0
arb_4515bda6c2b27cf58afeff8e1a02528b,1
arb_1e7ccfcf6ba7e76126a321f4cf8aaf52,1
arb_821c89805a7e434035d7da91d3e4f5a9,0
arb_35f218c56a7b18a578873a13d32221da,0
arb_f0edf417fccc402094173b1b39b5b58d,0
arb_b9a51220c3663c2d7a3c6a3a4bca6b57,0
arb_d1cd3053606654858ceef269210f033d,0
arb_9a9d98377bb5fa73e8f399c617cc7d32,0
arb_99b6f50c0f3ef0050322a32bbf515c93,0
arb_d0f139a38e56db8e0f858953da5273ce,0
arb_a62f2b532a5b759625e9168a40e2aeac,1
arb_b7cbb1cbb15df1fb5f3855504364b567,0
arb_15c5d7fa68d3535ddc3e9b444abbf572,0
arb_f1632a86e0440d555ba2273d79ef3e48,1
arb_5c386b698ca986a6a6ce43f1fbdc84be,0
arb_5516337e7adc50db26216ef151a4709f,0
arb_721d3b9b7c8dff15c4f62dba4e0bb901,0
arb_2e30170d57c47269af49881b1ba2b5a2,0
arb_4e96ef4493eb6733085603da30b48a50,0
arb_dad43e450130e4ec5c7bf456f5c9055d,0
arb_775926290c9a352333ff593568ca3898,0
arb_9f4b3fcbb3c53e621d33b4e7c11bc0b4,0
arb_b2f25d938b62a51fcf1b47bfa8a861db,0
arb_5a5f995e2be570d2439cfc762d96bdb3,0
arb_e6f253bed8a5c63db452341444599da0,0
arb_f8230330f641056fd990b29db190bf55,0
arb_ba7e55bb4e7d5b72e0b0280308986448,0
arb_1423967fe11b9f8802c87b767dfd9de2,0
arb_9282e36cdd662669afb10a709d7644bd,0
arb_b3743d5ea2c1d876cb137d37f34b8b7c,1
arb_012e60bd1c5cd87ee7864868a0801c0c,0
arb_425bf9a883fd08f28a24394c170d4679,1
arb_32d793fb1e9417ad01f80fa53149d690,1
arb_5a5560a71b2dff9202679bcda4d47b20,0
arb_c06a54a2e50a008d4983ea0c7faad440,1
arb_07866c335b98781729025aa6d32f2b4f,1
arb_dea649f252d68417ff5a1572ad247d92,1
arb_bb5e8f3fe60c0683607de53726d0b7d4,1
arb_fdf7755c344fc2275f44280f40fad4dc,0
arb_e46ffa5669ae8c0c78402d4c9da72e9a,0
arb_0f9259df30893365f2a9c7577c3727fc,1
arb_c4d1a4693061ff2823689b6bf385c6b2,1
arb_4c7d1566f6191d4c078f90362673ef29,1
arb_4e9a06f15da8239f99b6ac324f0c46bd,1
arb_a1b63ac466337ae5c2b5ae912393c418,1
arb_2d8aac555cb1867dde5585879d58575e,1
arb_dae2d3d7a7288205fa19912bcec826ec,1
arb_5a01c173a0809b398fa015437b5a11e2,1
arb_2cb976bf86e053949879f82a101c0682,1
arb_3abe668d895768d264f45e2e588d068c,1
arb_8df76d551c9afa54ddd615219229bdf7,1
arb_2f8307c1d459e22b8eed6850bdf14de9,1
arb_2f5f571375b151e8de7b92e85632b67a,1
arb_d9f2daedbf1723f063aaa00c2adbb8d0,1
arb_0e3e6c362438e67bd9ebf17eef7d8b52,1
arb_94f5d90891c08043d30435c2923fe998,1
arb_b963b379046dc00a4a4d8bd567217fb6,1
arb_437c98d5e4719d6ecad0dcb1b3f5c299,1
arb_20e11aea0a2e2e28fac3e0f658e06439,1
arb_0fdcfedfaeaa18544f20e2633c826b32,1
arb_e5ad70679fbb93a06a10606a16b98278,0
arb_0de9fe10e966766da64a49db97cbada7,0
arb_ecaf12e5a8f61d3f75f3e630888f8dea,1
arb_7059d7fbf28d068523f1f39f723372d4,1
arb_a44715366734e24cbd388a8a28f0cb4f,1
arb_801c02099010b93448bf208555995bf5,1
arb_fea65f8004986212ff3f9ffaaaa851c1,1
arb_43cef34649c4f1c1eefc63162813f1f5,1
arb_233863f815a4a8b21b1d99990c9986c2,0
arb_5b1190415d7f19b2023e789b45ab56b5,0
arb_aa04cd948ac763e5ee4a5c3fe48171c5,1
arb_6c5eea74471bb827e10bfdf747f71fe3,1
arb_62c675f663a868fbb329ed82fe805c13,1
arb_745f2dfccee9ef48e25d294fffb9e8f8,1
arb_2be89431c1427566ee324242ad6d670f,1
arb_0a6cb549830ebcb8f05544bac5e79a17,1
arb_d3fe601ebf08d5383a3086f56f060bf8,1
arb_47390b0db0d049c550ebcad652bb4380,0
arb_37fb28f8da80173b3c08ef5b498ce898,1
arb_ee91b40d05572e31303844fef43b4f59,0
arb_90eab55ac6e41afc9c6219c36c66602b,1
arb_875a4541ed1a60df337eee56648897cc,1
arb_284af9801a320e86df2a886b8a78cca6,1
arb_3c9f99cc22c6be60bb8ce5027760e29e,1
arb_b9abb12a5e3f7c12158d50250f6acb96,1
arb_3e5a0be27600244768e1154018d41f54,1
arb_169348db4829547b9d1cb95eefa5781b,1
arb_f42f9771b6690a9a0a0357463fc0a409,1
arb_6cda1f6dff337efc967323000f3eff13,1
arb_c09d488968bc770b037e096e4cc63aa5,1
arb_dcc1f1842cd19de74b55aad0b88e6fa4,0
arb_34132d36665bce061bfa7f6e63624472,1
arb_6765f023440aff1a29d25af5f2d574bc,1
arb_3a24395c3afc6bcec762de97c20cb6d6,0
arb_0531ccb66239e651a4289de1e6f6a22c,1
arb_163cb88a8244bb4c0d5f526d88c30462,1
arb_e6aeee46f49a1a1e112d990715767f2a,1
arb_d510e2931fd50ac2c4279b1c6871687d,1
arb_ba18cb6a6462f662bf512d3193142969,1
arb_350d6d61b0ed33a47e4b7a17a202cbde,0
arb_65b540eb056b69f72e05809e2c8c1440,1
arb_e50eb8e3de8f846ae61ce9140a8fb1c5,1
arb_4e1971caff469fe033259dc2b52c3a23,1
arb_9e6361a27aa59dcda6ded6b509d00ae7,1
arb_b370acabf647c9c334d316742bb8ff3a,1
arb_dc625664f12bbc44f838d91626205d33,1
arb_0054eba8f18765d3ab479c2a9615bafc,1
arb_830d59ee8bad120645a40f69f136747e,1
arb_0d1a6f55158f57ea3d294136aaf8f297,1
arb_342fef4657ea76349d43ec1838eaaaa0,1
arb_8df26d0a3aeef3114d8381b3e35965a2,1
arb_daf0b69058326b0efa6f449205ff9681,1
arb_de241bfee056eccdbb869a757574f562,1
arb_d663fcd9e06f94204b29817b4434db46,0
arb_db1e3a863ba322aec196bcf6ca833745,1
arb_4213a477295264a4779b104ad57f1395,1
arb_a6b5184deda4db2de365c1dd65f372d7,0
arb_b17fc1c0c86d6d47d2c246b8a2a7c9cb,1
arb_7f61c4dd6a1b967fc878ea65accd2b1c,1
arb_18a204a4316620f93bc32fd5801ca656,0
arb_1ea103e5360a80083da81440988dd957,1
arb_866af73c3edc8aca8b8641c7d9a68e63,1
arb_a98b54ef1e88a9c1807ae9929167a027,0
arb_2cefde660f1400a92b40000dc28791c6,0
arb_6447605c1bed05e121be68fc0ba15a22,1
arb_e8133bc5a16e27a695398014c5ec3583,1
arb_1d4c0338fdb74adac48eaa8ded08d09b,1
arb_bdbbf49fe9882dd365ad1b07c817df53,1
arb_d3d222141a1531b92b2439139e68602a,0
arb_ab13b3537ad9dad895ddfbd7d7878253,1
arb_5ba1d8494d507f91b58abbb0e6d745f3,1
arb_532d1f9eb5e0469d142735c369e24d40,1
arb_94db8176f7d8b64a68c47787ce6adb58,1
arb_1aa88edf1bb9ef9fc9385365a713a82c,0
arb_43f04753b558c7721ee072e011cfe596,1
arb_9827c7002d64bccf7109dc4f24389195,1
arb_9fe0442c47d52b5e867bf887da84f460,1
arb_c15d1a689e555ce5715be966be28ac6e,1
arb_869c30d891546a20a2f64483b13090fd,1
arb_96e936ec5e300486e2ce9b50b81ec65a,1
arb_04292048d82b8a54e5e8a8858c90bdbe,0
arb_d548e06da3bab86f8496a41aa5d80b6e,1
arb_aafd257fae4cacc9360754ad46814c51,0
arb_54efafd8d9ffde08f254fb31204b9eb3,1
arb_0ec3d15d9fde4ee971c3a78e44ce61b2,1
arb_e948f536e4327901db87a9be15d2f37f,1
arb_239f7d34e09a4f8a61e29910c4641013,1
arb_eff7ec56e2123f85f45698cfccd81469,1
arb_86cba6fa8986d956ad16058510f4eb03,1
arb_7170fe868badb3e64266e59dba2a06b6,1
arb_2f1bd19911f193c5baac576a34c8780d,0
arb_e0639cf5e489bc4a685caa898556957a,0
arb_5c4084ac05e9f2250b97d80ca7e8b358,1
arb_08a749054ac7583ff64355da2fd0df39,1
arb_8568c0b13e80de7e44946508d274eea7,1
arb_fcac86c70e8b7da308b1fce1f44ce2c9,1
arb_b27bc90febec8b4893cd5fe6c8ee3a62,1
arb_73758262b29dcd6c52b077cc8e046840,1
arb_402f094c48d41a10ce711dedf8cf7379,1
arb_a068ef2630f4f3f616b5d7990dcf37bd,1
arb_47b3c59ce117df5b306dcd23128aee23,1
arb_fbf0041261f8bf54481a7fdcafff9391,1
arb_2c78ebabcb9a5d819a0d52eb75d0ee54,1
arb_20a1369e7eed71537a8b7fab8be90d3d,1
arb_9a45309a36e64a86fe862f908f3ad841,1
arb_f9ce4e94998c9312afcbe5ba943c8a35,1
arb_eb0d3777e847b2e95916c190a9670c45,1
arb_bcace3feb44cd983fd5c6566156d4105,1
arb_634d6b3369c48be72bc91dda346fce22,1
arb_d7762b4a5d248088f977023ce1d78fb5,1
arb_5d5c48209b445dec564af26c95ea8b42,1
arb_3d501489bc4c9114f85ce6137d661bd5,1
arb_4d202442338ec17681475efaabecef89,1
arb_0b5ecfcf658c458520275c4a5d3edcf7,1
arb_fb5a51a1d3af2e7046b7c4b1ddb334ec,0
arb_d98e969a58b63fb05dcb54209e08bf35,1
arb_b5fb1c8291d3541e5a4a403678ac6150,1
arb_429e74f6072a40b80baae34e65990c68,1
arb_b9cfacb71b0642766a5a3807815c9c0b,1
arb_6e11d0f6887330f7f755d7ee4be64626,0
arb_a1cbafcd6e8b5a03775c3f6cc84cac63,0
arb_143a2678900f6596385989b9fea49e5a,0
arb_18abecd5962753715beccf51cd622f9b,0
arb_b4cfa080637c491df5739c22ddb34120,0
arb_43897409a2f3b94dfb0076e94f4fe4bf,0
arb_54e7eed49a4220862c1736af86a22e9d,0
arb_7303edff8ec060f3a44d01a756598bd3,0
arb_c2f098c0adb597a4d6d517f5b909071d,0
arb_76cbd3c0f6487c73220bf033d7a1093e,0
arb_95b52b69949679cb617e3e4779b37b52,0
arb_73138eeb60b4342e6acec121e575f3f6,0
arb_5faf708434682496ba837bc226bb1b66,0
arb_df12d8fd99f7dc4e53324db63a1dc2b9,0
arb_fc7b952e8e9203138e69ab066d795b6d,0
arb_8c06e1073948d074ddb484e17e2db326,0
arb_c5c4b6c9fa8a20e0a05de1ba41845c11,0
arb_beb2afb946caf9d27e259ae7bcf4b8c3,0
arb_47484351650a259e613a8416a904a6a5,0
arb_1b776e4b7934b23d4f7394bed0f3dd85,0
arb_882fb2709d6dfd1d1dab8fbd3f15da8b,0
arb_696d30627976b9b1da17e08fc5c2adb3,0
arb_cda0cdfb6d3568c5dcad99ec94ed788a,0
arb_c4870959eb878248a557e3d7ad328bb8,0
arb_38cf4e826551a3ed3338ed064ab8fe5b,0
arb_1eb4c9986d005d3982c20b5eb9c7bd19,0
arb_55c5aceaa4848b6d345a2f93bd60a0ed,0
arb_a68334ccbbbbfe768a027b72af8c1914,0
arb_2589ca27576ef9c7c873d0edc49d5010,0
arb_7378dd03c2dc922460b512893e148655,0
arb_f5711133384bac50b0ece59f83fff7cd,0
arb_54e1368eabbf8fab2058204221a9ae35,0
arb_41ede0d53b96009365b616fa90ed4367,0
arb_c6b2af923ce9c2a4fcdc779dfd3543a0,0
arb_b36b16e7e7816e23bb0096997afaf04d,0
arb_18401ce0b75a65165daa0e9b77ba57d4,0
arb_feb3bea6316c130c31578ab0b6df726c,0
arb_be949d38368ac5b13411e7793742051d,0
arb_15f66b5cbc9eb60a09d4f8f6bb47f694,0
arb_dbf7fec5e7824252e771b1dd189adef2,0
arb_0f612f8619f2c0e818bae9c527c210ab,0
arb_4308abb58d3db928c80d5c5b0db35cfb,0
arb_a53b05043efa3a552fb84455a6cdb82d,0
arb_2dcaa0e72c526d9333c5c4c69e42d74c,0
arb_e104e30ccb4e355775ad51a58f455c6b,0
arb_af917a8353fd885d2290ccd1d40cc4ab,0
arb_d92edc6ffe2b37b66a1384987c752b85,0
arb_82f7ef2d6f8cf2b5701dad8f10b16b29,0
arb_22f774830b777480907c9a23f2da4dfa,0
arb_22c9cbb8541d68295497f219248ff710,0
arb_817030ea8a2f25a1004b6596d9b56d0b,0
arb_909dfec09111604a72e542262a0e5ce1,0
arb_dfb095a85ef8fd0324a3b481632e3aab,0
arb_f1848fffcbd1bacb812c323d30344df7,0
arb_9c611e7571d0366841fd71f1d5452700,0
arb_f63a588c56585f6a9176d95e6f820894,0
arb_af2c0896b0b6ae87c1259b99e6bff9f6,0
arb_eb3dc70ae1d7dc0f7ac1e153cd6b3bf9,0
arb_f07102dead07ec26c46b814603e3895f,0
arb_abdf96afedac0f2ff7d7198aeffa61b4,0
arb_d51eba3d3b80775bc4345c5f4f5f61f7,0
arb_cadae0dbac39462c09382aa7f91a9c37,0
arb_2ce3fe66a43732b864e856dafed22734,0
arb_a8ed206cb70dee7ad170fe191d2c6eee,0
arb_4ba069a00591f45bc22da3ea617b488d,0
arb_0f5b3b932c3927e8907193bf1498339f,0
arb_60e295f9db79e92e1b809a525070c7fb,0
arb_d4b399574a793ae72575f355faf827c9,0
arb_cdb954a021680c7aacdd10aec7ab6e21,1
arb_69e88ab4bc57a13b2562039f4543cdfa,1
arb_906613b72c2a77ecaea0e77ca28772bf,0
arb_1878e9356782bf070f7c99da891feceb,0
arb_20c7c1bc85442a2b4d1eb3933692ffc9,0
arb_97e0fe3fe06d527433e1e790ec66f79c,1
arb_2090502bb42ab9bd2a5435176a6c1fb1,1
arb_27664218809efa6a5523180e8a2c0968,1
arb_df613044a591feb6731930f61442f413,1
arb_c8a9b5d4e5163fa95a9bc4f00bafd8e0,1
arb_3d87992a27344694ee10d4e8ce12e8ec,0
arb_ff7807705234e05154c2ecf04eae990b,0
arb_8039cddd157e155b681cb8ac199901a8,1
arb_c7790a5cc06af60b60fe893190b9fd8a,0
arb_8e940d3008db71f88af625b9745820dd,1
arb_78a75db20f816a1fdd4b6f9e001d66db,1
arb_c9d380b8c08a9eb8a9c3147c5cf0c2a7,0
arb_a1481a021ec927c8700f25ddeaa6491a,0
arb_45b02d1c37aa4f87085d9329f13b76f2,0
arb_ac94eca2c5338a8bc423e8303510d017,1
arb_be34424ac569a0f87ff51b6d2d5dfa90,0
arb_2bf846d3e407d266b6f7f76e59e9dbc3,1
arb_4f146fd2b919bd5f0aaa0a48f2451ed9,1
arb_44295766d20d41612a7b2f9cf67d7f22,0
arb_aca0ac6c4421aa1eb5303c850706a104,1
arb_9e2551644362b3deaebe6fae9745c868,0
arb_b6d8d58b3d1a0f1556be558ef64ba03e,1
arb_7b12e1dc47a6166c7b7202a8f39b3566,0
arb_8dcabec2f0d91d9dd5f39725cf2a292a,0
arb_7570da4eb93bfb5b7e04fdb0c23412a7,0
arb_995310367f18aba5c0721dd66856155c,0
arb_7e383d4b890ad78af320c214fc12e66c,0
arb_e146f98be5b76ffec119d960207d077a,0
arb_39af2094868cccbe3ed5e496a7597de0,0
arb_0d61674b26c4b5ab2285c1fb97cfaba0,0
arb_5c0031f0b72ba3d7a56a451f6c075167,1
arb_40385294f6b6e2fcf792534594014182,1
arb_6f015fa1d05312426019525ded51ff4e,1
arb_a6a2de1cc7baadd59793a202c11f7769,0
arb_bba76c295243441cb8eddb8a2b82d2cf,0
arb_328a0fa2983591515109f9cbab77bf34,0
arb_eb64a4419f088e4b54c7343305ef0415,0
arb_422f57ae696336ba67e70e5c758b458a,0
arb_e582fe4f60d8365a61f07873db9eb23d,0
arb_d439aa768b83da790ee8577347d4345f,0
arb_00ec6806829a5b23ba9ac1b244742e18,1
arb_1c67d3e0e2a0ed13e9bf877204863dc5,0
arb_a685a20986cfa008205e1098ae0418c6,1
arb_7664ca04509edc09ef808e9e0cc1cd62,1
arb_b4730e06690c8454adb33d6eedbdb975,1
arb_ec731b582041fc1a74c08974f3145b9b,1
arb_bdd24dd065c82e4f86317dd0e78db3d1,0
arb_affa8885f06ed4115317082fd74d91f5,0
arb_7b3141093f833d759c1409a742334c8f,1
arb_329ca99691adeb8bc62cdaebb6a8dca2,1
arb_aa875e755f1430b12db3aa094fc66888,1
arb_dde93dc66a68f216ed09b2bb540e212d,0
arb_597ccf03493b5e4937373d4ec7bdb4f7,0
arb_ba4ea41c3749c74543607022d3a02c7a,0
arb_343bed8eadb422bac15d104a088b174e,0
arb_064a93aa707dcbe4638f1e0996001ec5,1
arb_568d61dc111cf62faa3f236e61a8c345,0
arb_e56c4d1d6675fd5b2db695c5c0e15e48,0
arb_5c3c3123fcefead4a3cf01182e235c71,0
arb_3fb3626410613c003e322c2be4c7424a,0
arb_0f545d6ec04a6f62879c0a1608230938,0
arb_7750d37ff0a933122b1893413943a76f,0
arb_c6bf6ebb111b98e94d16a206b4fc2811,0
arb_ba3b2dfb2255798d298275b385945d1e,0
arb_ce809224744b89564d98ba64a07f2e41,0
arb_1e556ac490c4b6bce1a98ea401514b47,0
arb_df81348058ce00989edd43350dde90a1,0
arb_3bcdf204c5fbd18da210ec3132045790,0
arb_34aa2cbbed1f64994437263f7a88fd3a,0
arb_62670499e43c918e0312318b04fd62b1,0
arb_37856c7702ece6e3578f303d39be78df,1
arb_98988b86a2bd8cd01eff2cfff5d8d774,0
arb_7cc18892359c6b9142de90cbc06e5e15,0
arb_47c3bf80daf62fb0459f242ba82d7d69,1
arb_2eb7d0a790fcdf1968ddf1a1c1520249,1
arb_b1173085c53c72a56b7de1b4048fc389,0
arb_dd375e5b06e6008a09747b986393e88d,0
arb_0a2a381027b83d8b47894434306d4e59,0
arb_7deb48ab568b798b3c2c97db9f29b06d,0
arb_f2322ca50362d1e575af2ffdb1b122e6,0
arb_d83a4a0a4840dd21b7f282dbbbeaef84,0
arb_550dc733423253c9d734018eacf04504,0
arb_8a663a32afea5018ae19fb1bda6c6d8f,0
arb_e4c9809152f420e20bc31b9a039a5e87,1
arb_34133b75cf575e54d7722b1ff38fae00,0
arb_a9b03be70a07b8c3de4093cb1855123a,0
arb_6dc3a3b707b8a6434c17bd39b0616d82,0
arb_d7ef3fa4b046311d72e0d156a1fbaa53,0
arb_3b77de67923b79fd81c26fd5fa981b1c,0
arb_b7372138e50e847b079c095d1fa8c6bf,0
arb_1e33cddbee5d469dd5eb7aaa60e7ee0a,0
arb_29f74294b74a48f21f7515bcef69467f,0
arb_94143e9675eedc845255f3390ebd2cb0,0
